Website Transfer/Design|Ravi Kandel|NepalLink|Designer|Thamel|1245|9744|78774|ravi@ravi.com.np|www.nepallink.net|E-Specific|test|US$ 50 - 100|Within 1 week|test|Submit
Website Transfer/Design|David Owen|Andrea Douglas|Josie Armstrong|imperverse xyris storage boobyalla causewayman cygnine recreance itemize <a href= http://cnn.com/2000/HEALTH/05/30/growth.charts.01/ >Is your child overweight? Charts will tell</a>   http://www.hospitalityhelp.com/|(183)572-7054|(186)426-7334|(451)100-2034|tztmd@xxryim.com|http://www.flythevalley.com/|C-Both|imperverse xyris storage boobyalla causewayman cygnine recreance itemize <a href= http://www.travelling.gr/ >Travelling.gr</a>   http://www.unitybaptistonline.org/|US$ 500 - 1000|Within 1 month|imperverse xyris storage boobyalla causewayman cygnine recreance itemize <a href= http://www.geocities.com/kees_rescue/ >Keeshond Rescue: East Coast USA</a>   http://cnn.com/2001/WORLD/africa/04/27/congo.deaths/|Submit
Website Transfer/Design|Sylvia Calhoun|Tonja Galloway|Dorian Fischer|imperverse xyris storage boobyalla causewayman cygnine recreance itemize <a href= http://www.comcoreupi.com >Comcore Utility Covers</a>   http://www.electricferret.com/fights/moon.htm|(691)554-3144|(129)957-6669|(965)406-9384|omvv@qggnuk.com|http://www.posadadelasflores.com|B-Transfer|imperverse xyris storage boobyalla causewayman cygnine recreance itemize <a href= http://www.residentbush.com/ >Evict Resident Bush</a>   http://www.hi-t-fence.com/|US$ 100 - 200|Immediately|imperverse xyris storage boobyalla causewayman cygnine recreance itemize <a href= http://www.sentencingcouncil.vic.gov.au/ >Sentencing Advisory Council</a>   http://www.sealander.com/Stones.html|Submit
Website Transfer/Design|Charisse Mccarty|Debby Faulkner|Catherine Bird|imperverse xyris storage boobyalla causewayman cygnine recreance itemize <a href= http://www.minnesota.edu/campuses/detroit_lakes/ >Minnesota State Community and Technical College-Detroit Lakes</a>   http://cnn.com/2000/NATURE/12/22/salmon.recovery.ap/index.html|(698)212-5203|(637)309-7675|(326)221-2141|fjrqn@lrlx.com|http://www.resthavencemetery.com/|B-Transfer|imperverse xyris storage boobyalla causewayman cygnine recreance itemize <a href= http://www.ssem.com/ >Specter Specter Evans & Manogue, PC</a>   http://www.swillparty.com/|US$ 100 - 200|Within 1 week|imperverse xyris storage boobyalla causewayman cygnine recreance itemize <a href= http://www.xs4all.nl/~nlooijen/ >Nico Looijen Homepage: My 1974 Chevrolet Monte Carlo</a>   http://www.weareinsurance.com/|Submit
Website Transfer/Design|Barry Cooke|Harlan Head|Scot Bryant|imperverse xyris storage boobyalla causewayman cygnine recreance itemize <a href= http://www.sdnhm.org/research/herpetology/bajarept.html >Checklist of Reptiles from Baja California</a>   http://perrysfruitnursery.com.au/|(647)162-1200|(541)239-2921|(574)976-6450|qspgt@syzcx.com|http://www.cnn.com/2000/ASIANOW/central/09/06/afghanistan.fighting.ap/|B-Transfer|imperverse xyris storage boobyalla causewayman cygnine recreance itemize <a href= http://www.wortart-online.de/IndexE.htm >WortArt</a>   http://www.topix.com/city/rochelle-park-nj|US$ 500 - 1000|Within 15 days|imperverse xyris storage boobyalla causewayman cygnine recreance itemize <a href= http://www.geocities.com/tomyoji/ >Tomyoji Junior High School\'s Elective English Class</a>   http://www.sankey.ws/harpsichord.html|Submit
Website Transfer/Design|Josefina Odom|Abel Hernandez|Forrest Baxter|imperverse xyris storage boobyalla causewayman cygnine recreance itemize <a href= http://www.healmelord.com/ >Schweers, Brion: Heal Me Lord</a>   http://www.tonirobinson.com/|(191)673-5706|(546)690-8019|(170)110-7882|trqcn@heog.com|http://www.cnn.com/TECH/space/9810/06/space.meteors/index.html|D-Consultancy|imperverse xyris storage boobyalla causewayman cygnine recreance itemize <a href= http://cnn.com/2002/US/06/22/crash.taxi.reut/index.html >NYC taxi cab crashes, injures 15</a>   http://cnn.com/2002/WORLD/asiapcf/east/12/19/china.gmo.reut/|US$ 100 - 200|Within 1 month|imperverse xyris storage boobyalla causewayman cygnine recreance itemize <a href= http://www.franklin-treefarmer.com/ >Franklin/Treefarmer</a>   http://www.bbbmanitoba.ca/|Submit
Website Transfer/Design|Doyle Harding|Ginny Conley|Joanna Herman|imperverse xyris storage boobyalla causewayman cygnine recreance itemize <a href= http://memory.loc.gov/cgi-bin/query/r?ammem/lhbumbib:@field(TITLE+@band(Reminiscences+of+pioneer+days+in+St.+Paul.+)) >Reminiscences of Pioneer Days in St. Paul</a>   http://www.cnn.com/WORLD/asiapcf/9812/17/china.dissidents.03/index.html|(195)625-7266|(312)322-6490|(969)112-6938|ggxfz@jtyh.com|http://neighborhoodrealtysells.com/|E-Specific|imperverse xyris storage boobyalla causewayman cygnine recreance itemize <a href= http://www.mediastar.org.uk/ >Andrew Jackson</a>   http://www.aee.com.eg/|US$ 20 - 50|Within 1 week|imperverse xyris storage boobyalla causewayman cygnine recreance itemize <a href= http://www.gmanet.com/city_detail/default.asp?fipscode=80788 >Watkinsville Government Information</a>   http://www.yondo.co.uk/|Submit
Website Transfer/Design|Barb Guerrero|Debra Mcbride|Rosanne Kent|imperverse xyris storage boobyalla causewayman cygnine recreance itemize <a href= http://www.mdpolicy.org/ >Maryland Public Policy Institute</a>   http://www.tataa.com|(795)500-3847|(742)920-5622|(195)824-7415|pcizvl@khkca.com|http://www.kearneypublicschools.org/|C-Both|imperverse xyris storage boobyalla causewayman cygnine recreance itemize <a href= http://cnn.com/2001/WORLD/asiapcf/southeast/07/30/easttimor.peacekeepers/ >U.N. may cut peacekeeping force in E. Timor</a>   http://www.wugnet.com/shareware/spowmap.asp|US$ 20 - 50|Within 15 days|imperverse xyris storage boobyalla causewayman cygnine recreance itemize <a href= http://www.oneflowershop.com/ >Modesto Flowers</a>   http://cnn.com/2002/US/05/11/plane.returns/index.html|Submit
Website Transfer/Design|Renee Haynes|Rolland Bray|Marlin Hansen|imperverse xyris storage boobyalla causewayman cygnine recreance itemize <a href= http://www.thei.aust.com/film97/hugo.html >True Love and Chaos:  An Interview with Hugo Weaving</a>   http://www.popspizzaandpasta.com/|(740)468-8105|(905)912-2041|(272)178-5701|xsczd@sljy.com|http://www.gayndah.qld.gov.au/|E-Specific|imperverse xyris storage boobyalla causewayman cygnine recreance itemize <a href= http://personal.ph.surrey.ac.uk/~phs3ps/simple-hf.html >Simple Hartree-Fock example</a>   http://www.amcoz.com.au/composers/composer.asp?id=213|US$ 20 - 50|Immediately|imperverse xyris storage boobyalla causewayman cygnine recreance itemize <a href= http://shiraz.freeservers.com/ >Zoroastrians of Shiraz</a>   http://www.math.purdue.edu/~dvb/algeom.html|Submit
Website Transfer/Design|Janeen Mcconnell|Issac Mcmillan|Orville Finch|imperverse xyris storage boobyalla causewayman cygnine recreance itemize <a href= http://cnn.com/2002/SHOWBIZ/News/06/11/showbuzz/index.html >Showbuzz</a>   http://www.terrydecarlo.com/|(680)294-9939|(764)860-6610|(406)962-5477|cort@apeqp.com|http://www.janickemachinery.com/|C-Both|imperverse xyris storage boobyalla causewayman cygnine recreance itemize <a href= http://www.scu.edu.au/schools/gcm/ar/arp/grounded.html >Grounded Theory: A Thumbnail Sketch</a>   http://www.completecomms.co.uk/|Above US$ 1000|Within 1 month|imperverse xyris storage boobyalla causewayman cygnine recreance itemize <a href= http://www.glrealty.com/ >G and L Realty</a>   http://www.cepha.cz|Submit
Website Transfer/Design|Errol Dyer|Tom Anderson|Luanne Richmond|imperverse xyris storage boobyalla causewayman cygnine recreance itemize <a href= http://www.topix.com/city/union-beach-nj >Union Beach Local News: Topix</a>   http://passaggio-hotel.com/|(725)101-7921|(805)806-2054|(574)874-6012|qgclgk@pggzvc.com|http://www.mississippiconcrete.com/|D-Consultancy|imperverse xyris storage boobyalla causewayman cygnine recreance itemize <a href= http://www.horstedkeynes.com/ >HorstedKeynes.com</a>   http://www.mmat.ubc.ca/|US$ 20 - 50|Within 1 week|imperverse xyris storage boobyalla causewayman cygnine recreance itemize <a href= http://www.chelsea.lib.mi.us/ >Chelsea District Library</a>   http://www.cardiffcontralclinic.org|Submit
Website Transfer/Design|fdaslkj|asdflk|asdflk|asldfj|32902390|094093490409`4|4209202934|support@nepallink.net|asdfasf|A-Renovate||US$ 20 - 50|Immediately|adfasfasfd|Submit
Website Transfer/Design|Ashok|Adventure Tansen|OP|Baneshwor, KTM|9851046026|||tansen@enet.com.np||C-Both||US$ 100 - 200|Immediately||Submit
US$ 20 - 50|Immediately|B-Transfer|Website Transfer/Design|Ydgavtbuw|http://www.livescribe.com/forums/member.php?u=8057&ul21=1|pqohgv82@gmail.jp|Byyviagra25cmx|||||Submit|http://www.livescribe.com/forums/member.php?u=8060&ul21=1 [url=http://www.livescribe.com/forums/member.php?u=8053&ul21=1]hydrocodone online[/url] <a href=\"http://www.livescribe.com/forums/member.php?u=8056&ul21=1\">tramadol</a>  <a href=http://www.livescribe.com/forums/member.php?u=8055&ul21=1>buy diazepam</a> [url=\"http://www.livescribe.com/forums/member.php?u=8058&ul21=1\"]generic viagra[/url] [LINK http://www.livescribe.com/forums/member.php?u=8059&ul21=1]cialis[/LINK] gmsb|http://www.livescribe.com/forums/member.php?u=8060&ul21=1 [url=http://www.livescribe.com/forums/member.php?u=8053&ul21=1]hydrocodone online[/url] <a href=\"http://www.livescribe.com/forums/member.php?u=8056&ul21=1\">tramadol</a>  <a href=http://www.livescribe.com/forums/member.php?u=8055&ul21=1>buy diazepam</a> [url=\"http://www.livescribe.com/forums/member.php?u=8058&ul21=1\"]generic viagra[/url] [LINK http://www.livescribe.com/forums/member.php?u=8059&ul21=1]cialis[/LINK] gmsb|http://www.livescribe.com/forums/member.php?u=8060&ul21=1 [url=http://www.livescribe.com/forums/member.php?u=8053&ul21=1]hydrocodone online[/url] <a href=\"http://www.livescribe.com/forums/member.php?u=8056&ul21=1\">tramadol</a>  <a href=http://www.livescribe.com/forums/member.php?u=8055&ul21=1>buy diazepam</a> [url=\"http://www.livescribe.com/forums/member.php?u=8058&ul21=1\"]generic viagra[/url] [LINK http://www.livescribe.com/forums/member.php?u=8059&ul21=1]cialis[/LINK] gmsb
US$ 20 - 50|Immediately|B-Transfer|Website Transfer/Design|Gctovmhps|http://www.livescribe.com/forums/member.php?u=8058&ul21=2|flpjck42@aol.uk|Freeviagta13ajl|htkemqlo|rnzxejqo|yhutzodj|hrvcgojf|Submit|http://www.livescribe.com/forums/member.php?u=8057&ul21=2 [url=http://www.livescribe.com/forums/member.php?u=8056&ul21=2]cheap tramadol[/url] <a href=\"http://www.livescribe.com/forums/member.php?u=8060&ul21=2\">cheapest cialis</a>  <a href=http://www.livescribe.com/forums/member.php?u=8059&ul21=2>cialis</a> [url=\"http://www.livescribe.com/forums/member.php?u=8055&ul21=2\"]diazepam[/url] [LINK http://www.livescribe.com/forums/member.php?u=8054&ul21=2]fioricet[/LINK] cikg|http://www.livescribe.com/forums/member.php?u=8057&ul21=2 [url=http://www.livescribe.com/forums/member.php?u=8056&ul21=2]cheap tramadol[/url] <a href=\"http://www.livescribe.com/forums/member.php?u=8060&ul21=2\">cheapest cialis</a>  <a href=http://www.livescribe.com/forums/member.php?u=8059&ul21=2>cialis</a> [url=\"http://www.livescribe.com/forums/member.php?u=8055&ul21=2\"]diazepam[/url] [LINK http://www.livescribe.com/forums/member.php?u=8054&ul21=2]fioricet[/LINK] cikg|http://www.livescribe.com/forums/member.php?u=8057&ul21=2 [url=http://www.livescribe.com/forums/member.php?u=8056&ul21=2]cheap tramadol[/url] <a href=\"http://www.livescribe.com/forums/member.php?u=8060&ul21=2\">cheapest cialis</a>  <a href=http://www.livescribe.com/forums/member.php?u=8059&ul21=2>cialis</a> [url=\"http://www.livescribe.com/forums/member.php?u=8055&ul21=2\"]diazepam[/url] [LINK http://www.livescribe.com/forums/member.php?u=8054&ul21=2]fioricet[/LINK] cikg
US$ 20 - 50|Immediately|B-Transfer|Website Transfer/Design|Mycwepxbj|http://www.livescribe.com/forums/member.php?u=8054&ul21=3|qalbzo09@alexa.net|Cueapfioricet10jtr|||||Submit|http://www.livescribe.com/forums/member.php?u=8053&ul21=3 [url=http://www.livescribe.com/forums/member.php?u=8060&ul21=3]buy cialis online[/url] <a href=\"http://www.livescribe.com/forums/member.php?u=8058&ul21=3\">generic viagra</a>  <a href=http://www.livescribe.com/forums/member.php?u=8057&ul21=3>viagra</a> [url=\"http://www.livescribe.com/forums/member.php?u=8056&ul21=3\"]cheap tramadol[/url] [LINK http://www.livescribe.com/forums/member.php?u=8055&ul21=3]buy diazepam[/LINK] hrci|http://www.livescribe.com/forums/member.php?u=8053&ul21=3 [url=http://www.livescribe.com/forums/member.php?u=8060&ul21=3]buy cialis online[/url] <a href=\"http://www.livescribe.com/forums/member.php?u=8058&ul21=3\">generic viagra</a>  <a href=http://www.livescribe.com/forums/member.php?u=8057&ul21=3>viagra</a> [url=\"http://www.livescribe.com/forums/member.php?u=8056&ul21=3\"]cheap tramadol[/url] [LINK http://www.livescribe.com/forums/member.php?u=8055&ul21=3]buy diazepam[/LINK] hrci|http://www.livescribe.com/forums/member.php?u=8053&ul21=3 [url=http://www.livescribe.com/forums/member.php?u=8060&ul21=3]buy cialis online[/url] <a href=\"http://www.livescribe.com/forums/member.php?u=8058&ul21=3\">generic viagra</a>  <a href=http://www.livescribe.com/forums/member.php?u=8057&ul21=3>viagra</a> [url=\"http://www.livescribe.com/forums/member.php?u=8056&ul21=3\"]cheap tramadol[/url] [LINK http://www.livescribe.com/forums/member.php?u=8055&ul21=3]buy diazepam[/LINK] hrci
US$ 20 - 50|Immediately|B-Transfer|Website Transfer/Design|Xquenorkz|http://www.livescribe.com/forums/member.php?u=8056&ul23=1|udycxr98@aol.jp|Chraptramadol28nwi|||||Submit|http://www.livescribe.com/forums/member.php?u=8057&ul23=1 [url=http://www.livescribe.com/forums/member.php?u=8058&ul23=1]generic viagra[/url] <a href=\"http://www.livescribe.com/forums/member.php?u=8054&ul23=1\">fioricet</a>  <a href=http://www.livescribe.com/forums/member.php?u=8059&ul23=1>cheap cialis</a> [url=\"http://www.livescribe.com/forums/member.php?u=8053&ul23=1\"]hydrocodone online[/url] [LINK http://www.livescribe.com/forums/member.php?u=8060&ul23=1]cheapest cialis[/LINK] agxr|http://www.livescribe.com/forums/member.php?u=8057&ul23=1 [url=http://www.livescribe.com/forums/member.php?u=8058&ul23=1]generic viagra[/url] <a href=\"http://www.livescribe.com/forums/member.php?u=8054&ul23=1\">fioricet</a>  <a href=http://www.livescribe.com/forums/member.php?u=8059&ul23=1>cheap cialis</a> [url=\"http://www.livescribe.com/forums/member.php?u=8053&ul23=1\"]hydrocodone online[/url] [LINK http://www.livescribe.com/forums/member.php?u=8060&ul23=1]cheapest cialis[/LINK] agxr|http://www.livescribe.com/forums/member.php?u=8057&ul23=1 [url=http://www.livescribe.com/forums/member.php?u=8058&ul23=1]generic viagra[/url] <a href=\"http://www.livescribe.com/forums/member.php?u=8054&ul23=1\">fioricet</a>  <a href=http://www.livescribe.com/forums/member.php?u=8059&ul23=1>cheap cialis</a> [url=\"http://www.livescribe.com/forums/member.php?u=8053&ul23=1\"]hydrocodone online[/url] [LINK http://www.livescribe.com/forums/member.php?u=8060&ul23=1]cheapest cialis[/LINK] agxr
US$ 20 - 50|Immediately|B-Transfer|Website Transfer/Design|Aptbvzuos|http://www.livescribe.com/forums/member.php?u=8055&ul23=2|jxihwn05@msn.at|Diazwpamonline63szb|quajczfx|moazekqn|uhntzbqj|slwcekmr|Submit|http://www.livescribe.com/forums/member.php?u=8060&ul23=2 [url=http://www.livescribe.com/forums/member.php?u=8053&ul23=2]hydrocodone[/url] <a href=\"http://www.livescribe.com/forums/member.php?u=8054&ul23=2\">buy fioricet</a>  <a href=http://www.livescribe.com/forums/member.php?u=8056&ul23=2>tramadol</a> [url=\"http://www.livescribe.com/forums/member.php?u=8058&ul23=2\"]viagra[/url] [LINK http://www.livescribe.com/forums/member.php?u=8057&ul23=2]cheap viagra[/LINK] khjp|http://www.livescribe.com/forums/member.php?u=8060&ul23=2 [url=http://www.livescribe.com/forums/member.php?u=8053&ul23=2]hydrocodone[/url] <a href=\"http://www.livescribe.com/forums/member.php?u=8054&ul23=2\">buy fioricet</a>  <a href=http://www.livescribe.com/forums/member.php?u=8056&ul23=2>tramadol</a> [url=\"http://www.livescribe.com/forums/member.php?u=8058&ul23=2\"]viagra[/url] [LINK http://www.livescribe.com/forums/member.php?u=8057&ul23=2]cheap viagra[/LINK] khjp|http://www.livescribe.com/forums/member.php?u=8060&ul23=2 [url=http://www.livescribe.com/forums/member.php?u=8053&ul23=2]hydrocodone[/url] <a href=\"http://www.livescribe.com/forums/member.php?u=8054&ul23=2\">buy fioricet</a>  <a href=http://www.livescribe.com/forums/member.php?u=8056&ul23=2>tramadol</a> [url=\"http://www.livescribe.com/forums/member.php?u=8058&ul23=2\"]viagra[/url] [LINK http://www.livescribe.com/forums/member.php?u=8057&ul23=2]cheap viagra[/LINK] khjp
US$ 20 - 50|Immediately|B-Transfer|Website Transfer/Design|Urvckojqy|http://www.livescribe.com/forums/member.php?u=8055&ul23=3|kducwe02@msn.de|Nuydiazepam57uap|||||Submit|http://www.livescribe.com/forums/member.php?u=8060&ul23=3 [url=http://www.livescribe.com/forums/member.php?u=8054&ul23=3]buy fioricet[/url] <a href=\"http://www.livescribe.com/forums/member.php?u=8056&ul23=3\">cheap tramadol</a>  <a href=http://www.livescribe.com/forums/member.php?u=8058&ul23=3>viagra</a> [url=\"http://www.livescribe.com/forums/member.php?u=8059&ul23=3\"]buy cialis[/url] [LINK http://www.livescribe.com/forums/member.php?u=8053&ul23=3]hydrocodone[/LINK] odjn|http://www.livescribe.com/forums/member.php?u=8060&ul23=3 [url=http://www.livescribe.com/forums/member.php?u=8054&ul23=3]buy fioricet[/url] <a href=\"http://www.livescribe.com/forums/member.php?u=8056&ul23=3\">cheap tramadol</a>  <a href=http://www.livescribe.com/forums/member.php?u=8058&ul23=3>viagra</a> [url=\"http://www.livescribe.com/forums/member.php?u=8059&ul23=3\"]buy cialis[/url] [LINK http://www.livescribe.com/forums/member.php?u=8053&ul23=3]hydrocodone[/LINK] odjn|http://www.livescribe.com/forums/member.php?u=8060&ul23=3 [url=http://www.livescribe.com/forums/member.php?u=8054&ul23=3]buy fioricet[/url] <a href=\"http://www.livescribe.com/forums/member.php?u=8056&ul23=3\">cheap tramadol</a>  <a href=http://www.livescribe.com/forums/member.php?u=8058&ul23=3>viagra</a> [url=\"http://www.livescribe.com/forums/member.php?u=8059&ul23=3\"]buy cialis[/url] [LINK http://www.livescribe.com/forums/member.php?u=8053&ul23=3]hydrocodone[/LINK] odjn
US$ 20 - 50|Immediately|B-Transfer|Website Transfer/Design|Kdupjnvcx|http://www.livescribe.com/forums/member.php?u=8058&ul23=4|hlxqse10@altavista.net|Dreeviagra43rya|pzlwvguf|aozygiuw|eowugrdh|pzuwlbqs|Submit|http://www.livescribe.com/forums/member.php?u=8057&ul23=4 [url=http://www.livescribe.com/forums/member.php?u=8054&ul23=4]fioricet[/url] <a href=\"http://www.livescribe.com/forums/member.php?u=8060&ul23=4\">generic cialis</a>  <a href=http://www.livescribe.com/forums/member.php?u=8056&ul23=4>tramadol</a> [url=\"http://www.livescribe.com/forums/member.php?u=8053&ul23=4\"]hydrocodone online[/url] [LINK http://www.livescribe.com/forums/member.php?u=8059&ul23=4]cheap cialis[/LINK] rbnp|http://www.livescribe.com/forums/member.php?u=8057&ul23=4 [url=http://www.livescribe.com/forums/member.php?u=8054&ul23=4]fioricet[/url] <a href=\"http://www.livescribe.com/forums/member.php?u=8060&ul23=4\">generic cialis</a>  <a href=http://www.livescribe.com/forums/member.php?u=8056&ul23=4>tramadol</a> [url=\"http://www.livescribe.com/forums/member.php?u=8053&ul23=4\"]hydrocodone online[/url] [LINK http://www.livescribe.com/forums/member.php?u=8059&ul23=4]cheap cialis[/LINK] rbnp|http://www.livescribe.com/forums/member.php?u=8057&ul23=4 [url=http://www.livescribe.com/forums/member.php?u=8054&ul23=4]fioricet[/url] <a href=\"http://www.livescribe.com/forums/member.php?u=8060&ul23=4\">generic cialis</a>  <a href=http://www.livescribe.com/forums/member.php?u=8056&ul23=4>tramadol</a> [url=\"http://www.livescribe.com/forums/member.php?u=8053&ul23=4\"]hydrocodone online[/url] [LINK http://www.livescribe.com/forums/member.php?u=8059&ul23=4]cheap cialis[/LINK] rbnp
Website Transfer/Design|Rob Miller|None||||||bhb_Miller9363@escapedemail.com|http://www.none.com|A-Renovate||US$ 50 - 100|Immediately||Submit
Website Transfer/Design|ganesh pariyar|shree id bn nepal|no|democratic re_poblic of cango|+2430821561080|||pariyarganesh123@yahoo.com||E-Specific||*** Select one ***|*** Select one ***|nepal languge and wib site.|Submit
3137 Laguna Street||555-666-0606|Acunetix|1|sample@email.tst|317-317-3137|qkasovwp|1|A-Renovate|20|Website Transfer/Design|Submit|555-666-0606||http://www.acunetix.com
3137 Laguna Street||555-666-0606|Acunetix|1|sample@email.tst|317-317-3137|bogqhhsx|1|E-Specific|20|Website Transfer/Design|Submit|555-666-0606||http://www.acunetix.com
3137 Laguna Street||555-666-0606|Acunetix|1|sample@email.tst|317-317-3137|kpjwnrmd|1|B-Transfer|20|Website Transfer/Design|Submit|555-666-0606||http://www.acunetix.com
3137 Laguna Street||555-666-0606|Acunetix|1|sample@email.tst|317-317-3137|vrevlhaf|1|D-Consultancy|20|Website Transfer/Design|Submit|555-666-0606||http://www.acunetix.com
3137 Laguna Street||555-666-0606|Acunetix|1|sample@email.tst|317-317-3137|dresbcae|1|C-Both|20|Website Transfer/Design|Submit|555-666-0606||http://www.acunetix.com
3137 Laguna Street||555-666-0606|Acunetix||sample@email.tst|317-317-3137|lbfiuvjd||B-Transfer|20|Website Transfer/Design|Submit|555-666-0606||http://www.acunetix.com
3137 Laguna Street||555-666-0606|Acunetix||sample@email.tst|317-317-3137|dxdmdrpa||A-Renovate|20|Website Transfer/Design|Submit|555-666-0606||http://www.acunetix.com
3137 Laguna Street||555-666-0606|Acunetix||sample@email.tst|317-317-3137|bjmqaotr||C-Both|20|Website Transfer/Design|Submit|555-666-0606||http://www.acunetix.com
3137 Laguna Street||555-666-0606|Acunetix||sample@email.tst|317-317-3137|gkkmjcoe||D-Consultancy|20|Website Transfer/Design|Submit|555-666-0606||http://www.acunetix.com
3137 Laguna Street||555-666-0606|Acunetix||sample@email.tst|317-317-3137|jdrxmwrj||E-Specific|20|Website Transfer/Design|Submit|555-666-0606||http://www.acunetix.com
3137 Laguna Street||555-666-0606|Acunetix|1|sample@email.tst|317-317-3137|loucqhch|1|A-Renovate|20|Website Transfer/Design|Submit|555-666-0606||http://www.acunetix.com
3137 Laguna Street||555-666-0606|Acunetix|1|sample@email.tst|317-317-3137|bhuxbuwp|1|C-Both|20|Website Transfer/Design|Submit|555-666-0606||http://www.acunetix.com
3137 Laguna Street||555-666-0606|Acunetix|1|sample@email.tst|317-317-3137|xsoanlmh|1|B-Transfer|20|Website Transfer/Design|Submit|555-666-0606||http://www.acunetix.com
3137 Laguna Street||555-666-0606|Acunetix|1|sample@email.tst|317-317-3137|cstsqrch|1|D-Consultancy|20|Website Transfer/Design|Submit|555-666-0606||http://www.acunetix.com
3137 Laguna Street||555-666-0606|Acunetix|1|sample@email.tst|317-317-3137|shsiymjv|1|E-Specific|20|Website Transfer/Design|Submit|555-666-0606||http://www.acunetix.com
3137 Laguna Street||555-666-0606|Acunetix|1|sample@email.tst|317-317-3137|vbmaitqi|1|A-Renovate|20|Website Transfer/Design|Submit|555-666-0606||http://www.acunetix.com
3137 Laguna Street||555-666-0606|Acunetix|1|sample@email.tst|317-317-3137|etjtfduh|1|B-Transfer|20|Website Transfer/Design|Submit|555-666-0606||http://www.acunetix.com
3137 Laguna Street||555-666-0606|Acunetix|1|sample@email.tst|317-317-3137|xhymrgrl|1|D-Consultancy|20|Website Transfer/Design|Submit|555-666-0606||http://www.acunetix.com
3137 Laguna Street||555-666-0606|Acunetix|1|sample@email.tst|317-317-3137|fvbufdeg|1|C-Both|20|Website Transfer/Design|Submit|555-666-0606||http://www.acunetix.com
3137 Laguna Street||555-666-0606|Acunetix|1|sample@email.tst|317-317-3137|bnoqicbw|1|E-Specific|20|Website Transfer/Design|Submit|555-666-0606||http://www.acunetix.com
3137 Laguna Street||555-666-0606|Acunetix|1|sample@email.tst|317-317-3137|nvdatkud|1|A-Renovate|20|Website Transfer/Design|Submit|555-666-0606||http://www.acunetix.com
3137 Laguna Street||555-666-0606|Acunetix|1|sample@email.tst|317-317-3137|cxvetuhf|1|B-Transfer|20|Website Transfer/Design|Submit|555-666-0606||http://www.acunetix.com
3137 Laguna Street||555-666-0606|Acunetix|1|sample@email.tst|317-317-3137|nfpjjpvf|1|C-Both|20|Website Transfer/Design|Submit|555-666-0606||http://www.acunetix.com
3137 Laguna Street||555-666-0606|Acunetix|1|sample@email.tst|317-317-3137|axfgvban|1|E-Specific|20|Website Transfer/Design|Submit|555-666-0606||http://www.acunetix.com
3137 Laguna Street||555-666-0606|Acunetix|1|sample@email.tst|317-317-3137|ymrabsoj|1|D-Consultancy|20|Website Transfer/Design|Submit|555-666-0606||http://www.acunetix.com
3137 Laguna Street||555-666-0606|Acunetix|1|sample@email.tst|317-317-3137|gurghhqq|1|B-Transfer|20|Website Transfer/Design|Submit|555-666-0606||http://www.acunetix.com
3137 Laguna Street||555-666-0606|Acunetix|1|sample@email.tst|317-317-3137|pjqdejvb|1|A-Renovate|20|Website Transfer/Design|Submit|555-666-0606||http://www.acunetix.com
3137 Laguna Street||555-666-0606|Acunetix|1|sample@email.tst|317-317-3137|ebndckmg|1|D-Consultancy|20|Website Transfer/Design|Submit|555-666-0606||http://www.acunetix.com
3137 Laguna Street||555-666-0606|Acunetix|1|sample@email.tst|317-317-3137|oaleveyq|1|E-Specific|20|Website Transfer/Design|Submit|555-666-0606||http://www.acunetix.com
3137 Laguna Street||555-666-0606|Acunetix|1|sample@email.tst|317-317-3137|rplbkcog|1|C-Both|20|Website Transfer/Design|Submit|555-666-0606||http://www.acunetix.com
3137 Laguna Street||555-666-0606|Acunetix|1|sample@email.tst|317-317-3137|mcbllcdw|1|A-Renovate|20|Website Transfer/Design|Submit|555-666-0606||http://www.acunetix.com
3137 Laguna Street||555-666-0606|Acunetix|1|sample@email.tst|317-317-3137|exctkjqr|1|B-Transfer|20|Website Transfer/Design|Submit|555-666-0606||http://www.acunetix.com
3137 Laguna Street||555-666-0606|Acunetix|1|sample@email.tst|317-317-3137|vqkixofs|1|C-Both|20|Website Transfer/Design|Submit|555-666-0606||http://www.acunetix.com
3137 Laguna Street||555-666-0606|Acunetix|1|sample@email.tst|317-317-3137|nsxhtxma|1|D-Consultancy|20|Website Transfer/Design|Submit|555-666-0606||http://www.acunetix.com
3137 Laguna Street||555-666-0606|Acunetix|1|sample@email.tst|317-317-3137|ndnmojxi|1|E-Specific|20|Website Transfer/Design|Submit|555-666-0606||http://www.acunetix.com
